Modelo,Accuracy,Precision,Recall,F1 Score,AUC-ROC,Log-Loss,MCC,Specificity
XGBoost classifier,91.67%,1.0,0.7058823529411765,0.8275862068965517,0.963064295485636,0.292356083254484,0.7952062255644574,1.0
MLPClassifier,91.67%,0.9285714285714286,0.7647058823529411,0.8387096774193549,0.9398084815321476,0.3214358054910747,0.7899464730200436,0.9767441860465116
LightGBM classifier,86.67%,0.7368421052631579,0.8235294117647058,0.7777777777777778,0.963064295485636,0.2347977376177475,,
Random Forest,46.67%,0.425531914893617,0.8,0.5555555555555556,0.4497142857142857,0.7134887084305029,0.0341912813774975,
Logistic Regression,65.00%,0.5625,0.72,0.631578947368421,0.7565714285714287,0.6745856629582964,0.31622776601683794,
