Modelo,Accuracy,Precision,Recall,F1 Score,AUC-ROC,Log-Loss,MCC,Specificity
XGBoost classifier,91.67%,1.0,0.7058823529411765,0.8275862068965517,0.9630642954856361,0.292356083254484,0.7952062255644574,1.0
